"industry","investor","Unicorn_Count"
"Hardware","	01 advisors",1
"Auto & transportation","	build capital partners",1
"Internet software & services","	frontier ventures",1
"Supply chain, logistics, & delivery","	fundersclub. bain capital ventures",1
"Health","	human capital",1
"Internet software & services","	iconiq capital",1
"Auto & transportation","	northzone ventures",1
"Fintech","	outrun ventures",1
"Internet software & services","	summit partners",1
"Data management & analytics",".406 ventures",1
"Internet software & services","/td>",1
"Fintech","01 advisors",1
"Fintech","10t fund",1
"Health","14w",1
"Internet software & services","14w",1
"Fintech","14w. forgelight",1
"Other","1955 capital",1
"Hardware","360 capital partners",1
"Other","3i group",1
"Cybersecurity","3l",1
"Internet software & services","3l",1
"E-commerce & direct-to-consumer","3one4 capital partners",1
"Consumer & retail","468 capital",1
"Internet software & services","500 global",1
"E-commerce & direct-to-consumer","500 startups",1
"Fintech","500 startups",1
"Other","500 startups",1
"E-commerce & direct-to-consumer","58.com",1
"Artificial intelligence","5y capital",1
"E-commerce & direct-to-consumer","5y capital",1
"Mobile & telecommunications","5y capital",1
"E-commerce & direct-to-consumer","83north",2
"Auto & transportation","83north",1
"Data management & analytics","83north",1
"Fintech","8vc",2
"Supply chain, logistics, & delivery","8vc",2
"Cybersecurity","8vc",1
"Health","8vc",1
"Internet software & services","8vc",1
"Other","8vc",1
"Internet software & services","a&e television networks",1
"Other","a&nn",1
"Fintech","a91 partners",1
"Internet software & services","accel",18
"Fintech","accel",12
"E-commerce & direct-to-consumer","accel",8
"Cybersecurity","accel",5
"Supply chain, logistics, & delivery","accel",4
"Health","accel",3
"Data management & analytics","accel",2
"Other","accel",2
"Edtech","accel",2
"Artificial intelligence","accel",1
"Auto & transportation","accel",1
"Hardware","accel",1
"Mobile & telecommunications","accel",1
"Auto & transportation","access industries",1
"Fintech","access industries",1
"Internet software & services","access industries",1
"Mobile & telecommunications","access industries",1
"Fintech","accomplice",2
"Artificial intelligence","accomplice",1
"E-commerce & direct-to-consumer","ace & company",1
"Cybersecurity","acero capital",1
"Fintech","activant capital",1
"Supply chain, logistics, & delivery","activant capital",1
"Artificial intelligence","activant capital group",1
"Fintech","acton capital partners",1
"Internet software & services","adams street partners",1
"Fintech","addition",2
"Internet software & services","addition",1
"Internet software & services","advance venture partners",1
"Fintech","advancit capital",1
"Cybersecurity","advantech capital",1
"Internet software & services","advent international",2
"Other","advent international",2
"Artificial intelligence","advent international",1
"Data management & analytics","advent international",1
"E-commerce & direct-to-consumer","advent international",1
"E-commerce & direct-to-consumer","affirma capital",1
"Health","afore capital",1
"E-commerce & direct-to-consumer","aglae ventures",2
"Artificial intelligence","aglae ventures",1
"Internet software & services","ainge advisory",1
"Internet software & services","airbus ventures",1
"Consumer & retail","ajinomoto",1
"Data management & analytics","aker",1
"Artificial intelligence","alaska permanent fund",1
"Edtech","aleph",1
"Fintech","aleph",1
"Hardware","aleph",1
"Internet software & services","aleph",1
"Supply chain, logistics, & delivery","aleph",1
"Other","alexandria venture investments",1
"Hardware","alibaba group",2
"Consumer & retail","alibaba group",1
"Data management & analytics","alibaba group",1
"E-commerce & direct-to-consumer","alibaba group",1
"Edtech","alibaba group",1
"Internet software & services","alibaba group",1
"Mobile & telecommunications","alibaba group",1
"Supply chain, logistics, & delivery","alibaba group",1
"Other","alibaba pictures group",1
"E-commerce & direct-to-consumer","alkeon capital management",1
"Cybersecurity","allegiscyber capital",1
"E-commerce & direct-to-consumer","alliance consumer growth",1
"Health","ally bridge group",1
"Data management & analytics","almaz capital partners",1
"Consumer & retail","alpargatas",1
"Consumer & retail","alpha jwc ventures",1
"Fintech","alpha jwc ventures",1
"E-commerce & direct-to-consumer","alpha wave global",1
"Health","alta partners",2
"Fintech","alta ventures mexico",1
"Internet software & services","altair capital",3
"Other","altamont capital partners",1
"Data management & analytics","altimeter capital",1
"Fintech","altimeter capital",1
"Internet software & services","altimeter capital",1
"Edtech","altos ventures",1
"Internet software & services","altos ventures",1
"Internet software & services","alumni ventures group",1
"Internet software & services","alven capital",2
"Artificial intelligence","alven capital",1
"E-commerce & direct-to-consumer","alven capital",1
"Fintech","alven capital",1
"Artificial intelligence","amadeus capital partners",1
"Fintech","amadeus capital partners",1
"Fintech","amasia",1
"Artificial intelligence","ame cloud ventures",1
"Consumer & retail","ame cloud ventures",1
"Fintech","ame cloud ventures",1
"Fintech","american express ventures",3
"Cybersecurity","american express ventures",1
"Fintech","american family ventures",1
"Hardware","amiti ventures",1
"Data management & analytics","amplify partners",1
"Internet software & services","amplify partners",1
"Health","and sequoia capital china",1
"Mobile & telecommunications","andalusian capital partners",1
"Internet software & services","andreessen horowitz",8
"Fintech","andreessen horowitz",7
"Data management & analytics","andreessen horowitz",5
"Artificial intelligence","andreessen horowitz",4
"E-commerce & direct-to-consumer","andreessen horowitz",4
"Health","andreessen horowitz",3
"Cybersecurity","andreessen horowitz",2
"Other","andreessen horowitz",2
"Supply chain, logistics, & delivery","andreessen horowitz",2
"Hardware","andreessen horowitz",1
"Mobile & telecommunications","andreessen horowitz",1
"Travel","andreessen horowitz",1
"Artificial intelligence","ant financial services group",1
"Auto & transportation","ant financial services group",1
"Fintech","ant group",1
"Internet software & services","anthem venture partners",1
"Fintech","anthemis",2
"Fintech","anthermis",1
"E-commerce & direct-to-consumer","anthos capital",1
"Edtech","anthos capital",1
"Data management & analytics","apax partners",1
"Health","arch venture partners",2
"E-commerce & direct-to-consumer","ardian",1
"Fintech","ardian",1
"Artificial intelligence","array ventures",1
"Edtech","artiman ventures",1
"Internet software & services","ascension ventures",1
"Cybersecurity","aspect ventures",2
"Health","asset management ventures",1
"Other","astanor ventures",1
"Internet software & services","astral capital",1
"E-commerce & direct-to-consumer","atinum investment",1
"E-commerce & direct-to-consumer","atlantic food labs",1
"Internet software & services","atomico",3
"Mobile & telecommunications","atomico",2
"Health","atomico",1
"Other","atomico",1
"Supply chain, logistics, & delivery","atomico",1
"Auto & transportation","atop capital",1
"Fintech","au21",1
"Fintech","augmentum fintech",1
"Artificial intelligence","august capital",1
"Data management & analytics","auriga",1
"Auto & transportation","automobile industry guidance fund",1
"E-commerce & direct-to-consumer","avenir growth capital",1
"E-commerce & direct-to-consumer","aviation industry corporation of china",1
"Hardware","aviation industry corporation of china",1
"Artificial intelligence","aviv venture capital",1
"Cybersecurity","awz ventures",1
"Internet software & services","axa venture partners",1
"Fintech","ayala corporation",1
"Fintech","b capital group",1
"Health","b capital group",1
"Other","ba capital",1
"E-commerce & direct-to-consumer","baidu",2
"Edtech","baidu",1
"Hardware","baidu",1
"Internet software & services","baidu",1
"Auto & transportation","baidu capital",1
"Artificial intelligence","baidu ventures",1
"Artificial intelligence","baillie gifford & co.",1
"E-commerce & direct-to-consumer","baillie gifford & co.",1
"Supply chain, logistics, & delivery","baillie gifford & co.",1
"Artificial intelligence","bain & company",1
"E-commerce & direct-to-consumer","bain capital",1
"Fintech","bain capital credit",1
"Data management & analytics","bain capital tech opportunities",1
"Internet software & services","bain capital tech opportunities",1
"Data management & analytics","bain capital ventures",3
"Internet software & services","bain capital ventures",2
"Artificial intelligence","bain capital ventures",1
"Cybersecurity","bain capital ventures",1
"E-commerce & direct-to-consumer","balderton capital",2
"Fintech","balderton capital",2
"Internet software & services","balderton capital",2
"Travel","balderton capital",1
"Fintech","baleen capital",1
"E-commerce & direct-to-consumer","ballast point ventures",1
"Artificial intelligence","bank of china",1
"Auto & transportation","bank of china group investment",1
"Supply chain, logistics, & delivery","banner ventures",1
"Artificial intelligence","banyan capital",1
"E-commerce & direct-to-consumer","banyan capital",1
"Other","barter ventures",1
"Internet software & services","baseline ventures",1
"Data management & analytics","battery ventures",4
"Internet software & services","battery ventures",4
"Artificial intelligence","battery ventures",3
"Cybersecurity","battery ventures",1
"E-commerce & direct-to-consumer","battery ventures",1
"Health","battery ventures",1
"Travel","battery ventures",1
"Fintech","bbva",1
"Cybersecurity","bdc venture capital",1
"Internet software & services","bdt capital partners",1
"Supply chain, logistics, & delivery","beco capital",1
"Internet software & services","bedrock capital",1
"Other","bedrock capital",1
"Fintech","beenext",2
"Internet software & services","beenext",1
"Internet software & services","beijing juneng hesheng industry investment fund",1
"Internet software & services","beijing shuju xinrong fund",1
"Internet software & services","benchmark",5
"Data management & analytics","benchmark",1
"E-commerce & direct-to-consumer","benchmark",1
"Fintech","benchmark",1
"Hardware","benchmark",1
"Other","benchmark",1
"Fintech","benhcmark",1
"Consumer & retail","berkshire partners",1
"Health","bertelsmann asia investments",1
"Mobile & telecommunications","bertelsmann asia investments",1
"E-commerce & direct-to-consumer","bertelsmann india investments",1
"Edtech","bertelsmann india investments",1
"Internet software & services","bessemer venture partners",8
"Fintech","bessemer venture partners",3
"Cybersecurity","bessemer venture partners",2
"Data management & analytics","bessemer venture partners",2
"Other","bessemer venture partners",2
"Artificial intelligence","bessemer venture partners",1
"E-commerce & direct-to-consumer","bessemer venture partners",1
"Mobile & telecommunications","bessemer venture partners",1
"Supply chain, logistics, & delivery","bessemer venture partners",1
"Fintech","bezos expeditions",1
"Supply chain, logistics, & delivery","bgf ventures",1
"Artificial intelligence","big bets",1
"Fintech","bitmain technologies",1
"Internet software & services","blackbird ventures",3
"Fintech","blackrock",4
"E-commerce & direct-to-consumer","blackrock",3
"Artificial intelligence","blackrock",1
"Data management & analytics","blackrock",1
"Hardware","blackrock",1
"Internet software & services","blackrock",1
"Other","blackrock",1
"Supply chain, logistics, & delivery","blackrock",1
"Internet software & services","blackstone",3
"Supply chain, logistics, & delivery","blackstone",3
"Cybersecurity","blackstone",1
"Edtech","blackstone",1
"Fintech","blackstone",1
"Health","blackstone",1
"Fintech","bling capital",1
"Fintech","blockchain capital",2
"Fintech","blocktower capital",1
"Internet software & services","bloomberg beta",1
"Supply chain, logistics, & delivery","bloomberg beta",1
"Cybersecurity","blu venture investors",1
"Internet software & services","blue cloud ventures",2
"Mobile & telecommunications","blue label telecoms",1
"Mobile & telecommunications","blue lake capital",1
"Health","bluecross blueshield venture partners",1
"E-commerce & direct-to-consumer","blueflame capital",1
"Hardware","bluerun ventures",1
"Cybersecurity","blumberg capital",1
"Fintech","blumberg capital",1
"Internet software & services","blumberg capital",1
"Edtech","blume ventures",1
"Fintech","blume ventures",1
"Fintech","bmo capital",1
"E-commerce & direct-to-consumer","bmw i ventures",1
"Fintech","bnk to the future",1
"Fintech","bnp paribas",1
"Artificial intelligence","boc international",1
"Fintech","bojiang capital",1
"Cybersecurity","boldstart ventures",2
"Fintech","boldstart ventures",1
"Health","bolt ventures",1
"Other","bond",2
"E-commerce & direct-to-consumer","bond",1
"Hardware","bond",1
"Internet software & services","bond",1
"Internet software & services","bond capital",1
"Internet software & services","bonfire ventures",1
"Consumer & retail","borui capital",1
"Fintech","bow wave capital",1
"Cybersecurity","boxgroup",1
"Data management & analytics","boxin capital",1
"Consumer & retail","boyu capital",1
"Supply chain, logistics, & delivery","boyu capital",1
"Other","bp ventures",1
"Health","bpi france",1
"Other","breakthrough energy ventures",2
"Hardware","breega capital",1
"Other","bregal sagemount",1
"Internet software & services","breyer capital",1
"E-commerce & direct-to-consumer","bright venture capita",1
"Internet software & services","brighton park capital",1
"Fintech","british patient capital",1
"Health","brookfield asset management",1
"Other","broom ventures",1
"E-commerce & direct-to-consumer","burda principal investments",1
"Other","c5 capital",1
"Fintech","cadenza ventures",1
"Fintech","caffeinated capital",2
"Other","caffeinated capital",2
"Health","caffeinated capital",1
"Internet software & services","caffeinated capital",1
"Fintech","caisse de depot et placement du quebec",1
"Health","cambridge innovation capital",1
"Internet software & services","canaan partners",2
"Edtech","canaan partners",1
"Health","canaan partners",1
"Fintech","canapi ventures",2
"Travel","capital one growth ventures",1
"Travel","capital today",2
"Other","capital today",1
"Internet software & services","capitalg",7
"Fintech","capitalg",7
"Supply chain, logistics, & delivery","capitalg",5
"E-commerce & direct-to-consumer","capitalg",3
"Data management & analytics","capitalg",2
"Health","capitalg",2
"Artificial Intelligence","capitalg",2
"Other","capitalg",2
"Cybersecurity","capitalg",1
"Hardware","capitalg",1
"Mobile & telecommunications","capitalg",1
"Other","capricorn investment group",1
"Internet software & services","carlson private capital partners",1
"Fintech","carrick capital partners",1
"Other","carsales",1
"E-commerce & direct-to-consumer","casa verde capital",1
"Health","casdin capital",1
"Artificial intelligence","caterpillar",1
"Artificial Intelligence","cathay innovation",1
"E-commerce & direct-to-consumer","causeway media partners",1
"E-commerce & direct-to-consumer","cdh investments",1
"Hardware","cdh investments",1
"Mobile & telecommunications","cdh investments",1
"Consumer & retail","cdib capital",1
"Supply chain, logistics, & delivery","ce-ventures",1
"Hardware","cedarlake capital",1
"Hardware","centurium capital",1
"Fintech","charoen pokphand group",1
"Health","charter venture capital",1
"Mobile & telecommunications","chengwei capital",1
"E-commerce & direct-to-consumer","cherry ventures",1
"Supply chain, logistics, & delivery","cherry ventures",1
"Fintech","chicago ventures",1
"Supply chain, logistics, & delivery","chicago ventures",1
"Mobile & telecommunications","china broadband capital",1
"Consumer & retail","china capital investment group",1
"Artificial intelligence","china construction bank",1
"Mobile & telecommunications","china creation ventures",1
"Health","china development bank capital",1
"Auto & transportation","china environmental protection industry",1
"Data management & analytics","china everbright investment management",1
"Hardware","china everbright limited",1
"Auto & transportation","china fortune land development",1
"Auto & transportation","china fortune ocean",1
"Health","china health industry investment fund",1
"Hardware","china international capital corporation",1
"Artificial intelligence","china internet investment fund",1
"Health","china investment corporation",1
"Health","china life insurance",1
"Auto & transportation","china media group",1
"Fintech","china media group",1
"Edtech","china minsheng investment",1
"Other","china prosperity capital",1
"Fintech","china reform fund",1
"Health","china renaissance",1
"Auto & transportation","china state capital venture capital fund",1
"E-commerce & direct-to-consumer","chiratae ventures",2
"Artificial Intelligence","chiratae ventures",1
"Health","chiratae ventures",1
"Supply chain, logistics, & delivery","chromo invest",1
"Fintech","chuanrong capital",1
"Fintech","citi ventures",2
"Travel","citi ventures",1
"Health","citic securities international",1
"Other","cj enm",1
"Artificial intelligence","claltech",2
"Fintech","clermont group",1
"Fintech","clocktower technology ventures",2
"Consumer & retail","cmb international capital",1
"Internet software & services","cmc capital partners",1
"Fintech","cmfg ventures",1
"Supply chain, logistics, & delivery","co-energy finance",1
"Fintech","coatue management",6
"Internet software & services","coatue management",3
"Cybersecurity","coatue management",2
"E-commerce & direct-to-consumer","coatue management",2
"Health","coatue management",2
"Hardware","coatue management",1
"Edtech","coatue management",1
"Data management & analytics","coatue management",1
"Other","coatue management",1
"Supply chain, logistics, & delivery","coatue management",1
"Internet software & services","coatue managemeny",1
"Internet software & services","cobalt capital",1
"Fintech","cocnord health partners",1
"Fintech","coinbase ventures",4
"Supply chain, logistics, & delivery","collaborative fund",1
"Fintech","coltrane asset management",1
"E-commerce & direct-to-consumer","comcast ventures",2
"Internet software & services","comcast ventures",2
"Cybersecurity","commerce ventures",3
"Fintech","commerce ventures",1
"Fintech","commerzventures",1
"E-commerce & direct-to-consumer","company k partners",1
"Fintech","connect ventures",2
"Fintech","consensys ventures",1
"Internet software & services","contour venture partners",1
"Other","cool japan fund",1
"Internet software & services","core capital partners",1
"Edtech","costanoa ventures",1
"Internet software & services","costanoa ventures",1
"Cybersecurity","cowboy ventures",1
"Mobile & telecommunications","cowboy ventures",1
"Fintech","cox enterprises",1
"Fintech","cpp investment board",1
"Mobile & telecommunications","cr capital mgmt",1
"Fintech","craft ventures",1
"Internet software & services","craft ventures",1
"Artificial intelligence","crane venture partners",1
"Fintech","cre venture capital",1
"Internet software & services","cre venture capital",1
"Fintech","creandum",2
"Data management & analytics","creandum",1
"Health","creandum",1
"E-commerce & direct-to-consumer","creditease fintech investment fund",1
"Fintech","crossbeam venture partners",1
"Fintech","crosslink capital",2
"Data management & analytics","crosslink capital",1
"Internet software & services","crosslink capital",1
"Consumer & retail","crowdcube",1
"Internet software & services","crv",8
"Artificial intelligence","crv",1
"Cybersecurity","crv",1
"Fintech","cvc capital partners",1
"Health","cvf capital partners",1
"Cybersecurity","cyberstarts",1
"E-commerce & direct-to-consumer","d1 capita partners",1
"Fintech","d1 capital partners",2
"Artificial intelligence","d1 capital partners",1
"E-commerce & direct-to-consumer","d1 capital partners",1
"Internet software & services","d1 capital partners",1
"Internet software & services","danhua capital",1
"Other","danone manifesto ventures",1
"E-commerce & direct-to-consumer","daphni",1
"Fintech","daphni",1
"Fintech","das capital",1
"Health","data collective",2
"Cybersecurity","data collective",1
"Internet software & services","data collective",1
"Cybersecurity","datatribe",1
"Internet software & services","davidson kempner capital management",1
"Health","dcm ventures",2
"Mobile & telecommunications","dcm ventures",2
"Artificial intelligence","dcm ventures",1
"E-commerce & direct-to-consumer","dcm ventures",1
"Supply chain, logistics, & delivery","dcm ventures",1
"Fintech","deciens capital",1
"Other","deer park road",1
"Hardware","delian capital",1
"Data management & analytics","dell technologies capital",4
"Artificial intelligence","dell technologies capital",1
"Hardware","delta capital",1
"Internet software & services","dfj dragonfund",1
"Fintech","dfj growth fund",1
"Hardware","dfj growth fund",1
"Auto & transportation","diamler",1
"Auto & transportation","didi chuxing",1
"Fintech","digital currency group",1
"Hardware","digital currency group",1
"Cybersecurity","dila capital",1
"Internet software & services","djf",1
"Fintech","dmg ventures",1
"Edtech","dn capital",1
"Artificial intelligence","doha venture capital",1
"Internet software & services","draft ventures",1
"Fintech","dragoneer investment group",2
"Internet software & services","dragoneer investment group",1
"Data management & analytics","dragonfly capital partners",1
"Hardware","draper esprit",1
"Internet software & services","draper esprit",1
"Mobile & telecommunications","draper fisher jurtson",1
"Other","draper fisher jurvetson",1
"Internet software & services","drive capital",1
"Health","drx capital",1
"Artificial intelligence","dsc investments",1
"Fintech","dst global",8
"E-commerce & direct-to-consumer","dst global",5
"Supply chain, logistics, & delivery","dst global",3
"Artificial intelligence","dst global",1
"Mobile & telecommunications","dst global",1
"Data management & analytics","dt capital partners",1
"Fintech","durable capital partners",1
"Health","durable capital partners",1
"Supply chain, logistics, & delivery","dynamo vc",1
"Fintech","earlybird venture capital",2
"Internet software & services","earlybird venture capital",1
"Travel","east ventures",1
"E-commerce & direct-to-consumer","eastern bell capital",1
"Internet software & services","eastern bell capital",1
"Supply chain, logistics, & delivery","eastern bell capital",1
"Supply chain, logistics, & delivery","eastern bell capital 32",1
"Health","echo health venturesl",1
"Artificial intelligence","eclipse ventures",2
"Cybersecurity","eden global partners",1
"Cybersecurity","edison partners",1
"Artificial intelligence","eight roads ventures",1
"Data management & analytics","eight roads ventures",1
"Fintech","eight roads ventures",1
"Internet software & services","eight roads ventures",1
"E-commerce & direct-to-consumer","elaia partners",1
"Fintech","elaia partners",1
"Mobile & telecommunications","eldridge",1
"Other","eldridge",1
"E-commerce & direct-to-consumer","eleation capital",1
"Fintech","electric capital",1
"Edtech","elevar equity",1
"Internet software & services","elevation capital",2
"E-commerce & direct-to-consumer","elevation capital",1
"Fintech","eleven ventures",1
"Cybersecurity","emerge",1
"Artificial intelligence","emergence capital partners",1
"Fintech","emergence capital partners",1
"Supply chain, logistics, & delivery","emergence capital partners",1
"Internet software & services","enaya capital",1
"Artificial intelligence","endeavor",1
"Fintech","endeavor",1
"Internet software & services","endeavor",1
"Internet software & services","endiya partners",1
"Internet software & services","energize ventures",1
"Cybersecurity","energy impact partners",1
"Fintech","eniac ventures",1
"Mobile & telecommunications","eniac ventures",1
"Fintech","entree capital",1
"Health","epiq capital",1
"Health","eqt partners",1
"Internet software & services","eqt partners",1
"Fintech","equal ventures",1
"Internet software & services","es ventures",1
"Health","escala capital",1
"Hardware","essence financial",1
"E-commerce & direct-to-consumer","eurazeo",2
"Consumer & retail","eurazeo",1
"Fintech","eurazeo",1
"Internet software & services","eurazeo",1
"Internet software & services","european founders fund",1
"Cybersecurity","evolution equity partners",1
"Supply chain, logistics, & delivery","ewtp capital",1
"Other","exor seeds",1
"Fintech","expa",1
"Travel","expedia inc.",1
"Health","f-prime capital",2
"Fintech","f-prime capital",1
"Internet software & services","fabric ventures",1
"Fintech","fairfax financial holdings",1
"E-commerce & direct-to-consumer","falcon edge capital",1
"Internet software & services","falcon edge capital",1
"Other","falcon edge capital",1
"Artificial intelligence","fanuc",1
"Auto & transportation","far east horizon",1
"Fintech","fasanara capital",1
"Other","fashion tech lab",1
"Auto & transportation","faw group",1
"Internet software & services","felicis ventures",2
"Health","felicis ventures",1
"E-commerce & direct-to-consumer","felix capital",2
"Travel","felix capital",1
"Health","female founders fund",1
"Fintech","fidelity investment",1
"Other","fidelity investment",1
"Artificial intelligence","fidelity investments",1
"Other","fidelity investments",1
"Internet software & services","fifth wall ventures",3
"Artificial intelligence","fifth wall ventures",1
"Mobile & telecommunications","fifty years fund",1
"Other","fifty years fund",1
"E-commerce & direct-to-consumer","finsight ventures",1
"Fintech","finvc",1
"E-commerce & direct-to-consumer","fireside ventures",1
"Supply chain, logistics, & delivery","first ascent ventures",1
"E-commerce & direct-to-consumer","first light capital group",1
"Cybersecurity","first round capital",1
"Internet software & services","first round capital",1
"Supply chain, logistics, & delivery","first round capital",1
"Internet software & services","firstmark capital",4
"Artificial intelligence","firstmark capital",2
"Data management & analytics","firstmark capital",1
"Fintech","firstmark capital",1
"Internet software & services","fj labs",1
"Supply chain, logistics, & delivery","fj labs",1
"Other","flagship pioneering",1
"Health","flare capital partners",1
"Cybersecurity","flint capital",2
"Internet software & services","floodgate",1
"Cybersecurity","flybridge capital partners",1
"E-commerce & direct-to-consumer","flybridge capital partners",1
"Supply chain, logistics, & delivery","fontinalis partners",1
"Artificial intelligence","forerunner ventures",1
"Consumer & retail","forerunner ventures",1
"E-commerce & direct-to-consumer","forerunner ventures",1
"Fintech","forerunner ventures",1
"Cybersecurity","formation 8",1
"Internet software & services","formation 8",1
"Mobile & telecommunications","formation 8",1
"Edtech","fosun rz capital",1
"Internet software & services","foundation capital",3
"Fintech","foundation capital",2
"Artificial Intelligence","foundation capital",1
"Cybersecurity","foundation capital",1
"Hardware","foundation capital",1
"Internet software & services","founder collective",1
"E-commerce & direct-to-consumer","founder h fund",1
"Fintech","founders",1
"Fintech","founders fund",3
"Health","founders fund",3
"Internet software & services","founders fund",2
"Supply chain, logistics, & delivery","founders fund",2
"Artificial intelligence","founders fund",1
"Consumer & retail","founders fund",1
"Cybersecurity","founders fund",1
"Hardware","founders fund",1
"Other","founders fund",1
"Fintech","founders fund. accel",1
"Data management & analytics","foundry group",1
"E-commerce & direct-to-consumer","foundry group",1
"Hardware","foundry group",1
"Artificial intelligence","foxconn technology company",1
"Cybersecurity","framework ventures",1
"Internet software & services","francisco partners",1
"Fintech","franklin templeton",2
"E-commerce & direct-to-consumer","franklin templeton",1
"Internet software & services","freesfund",1
"Fintech","frst",1
"Cybersecurity","ftv capital",1
"Fintech","ftv capital",1
"Internet software & services","ftv capital",1
"Internet software & services","ftx venture",1
"Auto & transportation","funa yuanchuang technology",1
"Mobile & telecommunications","fundersclub",1
"Fintech","future perfect ventures",1
"Fintech","future ventures",1
"Artificial intelligence","futurex capital",1
"Health","g squared",1
"Hardware","galaxy digital",1
"Fintech","galaxy interactive",1
"Internet software & services","galaxy interactive",1
"Data management & analytics","galeo ventures",1
"Artificial intelligence","gam holding",1
"Fintech","gaocheng capital",1
"Fintech","gaopeng capital",1
"Auto & transportation","gaorong capital",1
"Consumer & retail","gaorong capital",1
"Mobile & telecommunications","gaorong capital",1
"Fintech","gauss ventures",1
"Fintech","gcp capital partners",1
"Health","ge healthcare",1
"Health","ge ventures",1
"Fintech","geekdom fund",1
"Auto & transportation","geely",1
"Fintech","general atlantic",6
"Internet software & services","general atlantic",5
"E-commerce & direct-to-consumer","general atlantic",4
"Data management & analytics","general atlantic",3
"Other","general atlantic",3
"Artificial intelligence","general atlantic",2
"Auto & transportation","general atlantic",1
"Cybersecurity","general atlantic",1
"Edtech","general atlantic",1
"Travel","general atlantic",1
"Fintech","general catalyst",7
"Internet software & services","general catalyst",7
"Health","general catalyst",5
"Data management & analytics","general catalyst",3
"E-commerce & direct-to-consumer","general catalyst",3
"Cybersecurity","general catalyst",2
"Artificial intelligence","general catalyst",1
"Other","general catalyst",1
"Supply chain, logistics, & delivery","general catalyst",1
"Cybersecurity","general catalyst partners",1
"Fintech","general catalyst partners",1
"Internet software & services","genesis capital",1
"Data management & analytics","genesis partners",1
"Edtech","genesis partners",1
"Internet software & services","geodesic capital",1
"Hardware","georgian co-investment fund",1
"Artificial intelligence","georgian partners",2
"Internet software & services","georgian partners",2
"Fintech","georgian partners",1
"Cybersecurity","georgian partners",1
"Fintech","gf investments",1
"Hardware","gf xinde investment management co.",1
"Cybersecurity","ggv capital",3
"E-commerce & direct-to-consumer","ggv capital",3
"Internet software & services","ggv capital",3
"Artificial Intelligence","ggv capital",1
"Auto & transportation","ggv capital",1
"Edtech","ggv capital",1
"Fintech","ggv capital",1
"Mobile & telecommunications","ggv capital",1
"Travel","ggv capital",1
"E-commerce & direct-to-consumer","gic",1
"Travel","gic",1
"Mobile & telecommunications","ginko ventures",1
"Consumer & retail","global asset capital",1
"Artificial intelligence","global catalyst partnera",1
"Artificial intelligence","global founders capital",2
"E-commerce & direct-to-consumer","global founders capital",2
"Internet software & services","global founders capital",2
"Consumer & retail","global founders capital",1
"Fintech","global founders capital",1
"Supply chain, logistics, & delivery","global founders capital",1
"Travel","global founders capital",1
"Supply chain, logistics, & delivery","global logistic properties",1
"Mobile & telecommunications","globis capital partners",1
"Artificial intelligence","glory ventures",1
"Supply chain, logistics, & delivery","glp capital partners",2
"Fintech","gmo venturepartners",1
"Internet software & services","go-ventures",1
"E-commerce & direct-to-consumer","gobi partners",1
"Internet software & services","goldcrest capital",1
"Fintech","goldentree asset management",1
"Other","goldman sachs",4
"Artificial intelligence","goldman sachs",3
"Fintech","goldman sachs",2
"Cybersecurity","goldman sachs",1
"Data management & analytics","goldman sachs",1
"Hardware","goldman sachs",1
"Health","goldman sachs",1
"Internet software & services","goldman sachs",1
"Supply chain, logistics, & delivery","goldman sachs",1
"Travel","goldman sachs",1
"Internet software & services","goldman sachs asset management",2
"Hardware","goldman sachs asset management",1
"Hardware","goldstone investments",1
"Fintech","goodwater capital",2
"Internet software & services","goodwater capital",1
"Supply chain, logistics, & delivery","goodwater capital",1
"Auto & transportation","gopher asset management",1
"E-commerce & direct-to-consumer","gp capital",1
"Fintech","grab",1
"Internet software & services","gradient ventures",1
"Hardware","grand flight investment",1
"Supply chain, logistics, & delivery","grandland",1
"Internet software & services","grayhawk capital",1
"Fintech","greatpoint ventures",2
"Health","green innovations",1
"Hardware","green pine capital partners",2
"Health","green pine capital partners",1
"Fintech","green visor capital",1
"E-commerce & direct-to-consumer","greenoaks capital management",1
"Fintech","greenoaks capital management",1
"Health","greenoaks capital management",1
"Fintech","greycroft",4
"Artificial intelligence","greycroft",2
"E-commerce & direct-to-consumer","greycroft",2
"Cybersecurity","greycroft",1
"Mobile & telecommunications","greycroft",1
"Fintech","greyhound capital",1
"Data management & analytics","greylock partners",3
"Internet software & services","greylock partners",3
"Cybersecurity","greylock partners",2
"Artificial intelligence","greylock partners",1
"Auto & transportation","greylock partners",1
"E-commerce & direct-to-consumer","greylock partners",1
"Health","greylock partners",1
"Supply chain, logistics, & delivery","greylock partners",1
"Artificial intelligence","griffin gaming partners",1
"E-commerce & direct-to-consumer","gron ventures",1
"Fintech","group 11",1
"Artificial intelligence","group gsr ventures",1
"Fintech","group11",1
"Fintech","gs growth",2
"Consumer & retail","gs growth",1
"Internet software & services","gs growth",1
"Internet software & services","gsr ventures",2
"Edtech","gsv ventures",1
"Internet software & services","gsv ventures",1
"Artificial intelligence","guangdong technology financial group",1
"Auto & transportation","guangzhou huiyin aofeng equity investment fund",1
"Fintech","guangzhou huiyin aofeng equity investment fund",1
"Fintech","gunosy capital",1
"Fintech","guozhong venture capital management",1
"E-commerce & direct-to-consumer","gx capital",1
"Other","h capital",1
"Hardware","haitong leading capital management",1
"Other","hanaco venture capital",1
"Cybersecurity","hanaco ventures",1
"Fintech","hanwha investment & securities",1
"Fintech","harbourvest partners",1
"Internet software & services","harrison metal",1
"Fintech","harvey golub family office",1
"Internet software & services","hca healthcare",1
"Auto & transportation","hd capital",1
"Internet software & services","hearst ventures",1
"Fintech","hedosophia",1
"Data management & analytics","helion venture partners",1
"E-commerce & direct-to-consumer","helion venture partners",1
"Internet software & services","helion venture partners",1
"Internet software & services","hellman & friedman",1
"Other","hemisphere ventures",1
"Health","highland capital management",1
"Data management & analytics","highland capital partners",1
"E-commerce & direct-to-consumer","highland capital partners",1
"Fintech","highland capital partners",1
"Internet software & services","highland capital partners",1
"Data management & analytics","highland europe",1
"Internet software & services","highland europe",1
"Travel","highland europe",1
"Artificial intelligence","hillhouse capital management",2
"Consumer & retail","hillhouse capital management",1
"E-commerce & direct-to-consumer","hillhouse capital management",1
"Edtech","hillhouse capital management",1
"Hardware","hillhouse capital management",1
"Supply chain, logistics, & delivery","hillhouse capital management",1
"Internet software & services","hillsven capital",1
"Health","hinduja group",1
"Artificial intelligence","hof capital",1
"Auto & transportation","holtzbrinck ventures",1
"Fintech","holtzbrinck ventures",1
"Artificial intelligence","homebrew",1
"Fintech","homebrew",1
"Other","honeywell",1
"Fintech","hongdao capital",1
"E-commerce & direct-to-consumer","hongtai capital holdings",1
"Artificial intelligence","hongxiu vc",1
"Edtech","hony capital",1
"Consumer & retail","horizons ventures",3
"Other","huagai capital",1
"E-commerce & direct-to-consumer","huasheng capital",1
"Health","hummingbird ventures",1
"Edtech","hundreds capital",1
"Internet software & services","hv capital",1
"Internet software & services","hyde park venture partners",1
"Supply chain, logistics, & delivery","hyde park venture partners",1
"Artificial intelligence","ia ventures",2
"Fintech","ia ventures",1
"Health","ia ventures",1
"Fintech","iag capital partners",1
"Internet software & services","icg",1
"Internet software & services","iconiq capital",6
"Data management & analytics","iconiq capital",1
"Edtech","iconiq capital",1
"Fintech","iconiq capital",1
"Supply chain, logistics, & delivery","iconiq capital",1
"Edtech","iconiq growth",1
"Internet software & services","iconiq growth",1
"E-commerce & direct-to-consumer","idg capital",3
"Fintech","idg capital",3
"Hardware","idg capital",3
"Artificial Intelligence","idg capital",2
"Edtech","idg capital",2
"Internet software & services","idg capital",2
"Mobile & telecommunications","idg capital",2
"Auto & transportation","idg capital",1
"Data management & analytics","idg capital",1
"Other","idg capital",1
"E-commerce & direct-to-consumer","idg capital partners",1
"Hardware","idg capital partners",1
"Auto & transportation","idinvest partners",1
"E-commerce & direct-to-consumer","idinvest partners",1
"Fintech","idinvest partners",1
"Other","idinvest partners",1
"Consumer & retail","ifc",1
"Supply chain, logistics, & delivery","ifly",1
"Hardware","iflytek",1
"Artificial intelligence","ignition partners",2
"Internet software & services","ignition partners",2
"Health","ikea greentech",1
"E-commerce & direct-to-consumer","imaginary ventures",1
"E-commerce & direct-to-consumer","imm investment",1
"Internet software & services","index ventures",11
"Fintech","index ventures",6
"Cybersecurity","index ventures",2
"Health","index ventures",2
"Supply chain, logistics, & delivery","index ventures",2
"Auto & transportation","index ventures",1
"Data management & analytics","index ventures",1
"E-commerce & direct-to-consumer","index ventures",1
"Mobile & telecommunications","index ventures",1
"Internet software & services","indexventures",1
"Internet software & services","india quotient",1
"Fintech","inflexion private equity",1
"Fintech","info edge",1
"E-commerce & direct-to-consumer","ingka investments",1
"Health","initialized capital",3
"Internet software & services","initialized capital",2
"Artificial intelligence","initialized capital",1
"Fintech","initialized capital",1
"Hardware","initialized capital",1
"Artificial intelligence","innovation endeavors",1
"Cybersecurity","innovation endeavors",1
"Supply chain, logistics, & delivery","innovation endeavors",1
"Mobile & telecommunications","inova ventures participacees",1
"E-commerce & direct-to-consumer","inovia capital",1
"Internet software & services","insight partners",11
"Fintech","insight partners",9
"Cybersecurity","insight partners",7
"Artificial intelligence","insight partners",4
"Data management & analytics","insight partners",4
"Health","insight partners",2
"Edtech","insight partners",1
"E-commerce & direct-to-consumer","insight partners",1
"Mobile & telecommunications","insight partners",1
"Auto & transportation","insight venture partners",1
"Consumer & retail","insight venture partners",1
"Internet software & services","insight venture partners",1
"Supply chain, logistics, & delivery","insight venture partners",1
"Artificial intelligence","insights partners",1
"Internet software & services","insights venture partners",1
"Fintech","insignia ventures partners",1
"Fintech","inspiration ventures",1
"Internet software & services","institutional venture partners",3
"Artificial intelligence","institutional venture partners",2
"Consumer & retail","institutional venture partners",1
"Edtech","institutional venture partners",1
"Fintech","institutional venture partners",1
"Supply chain, logistics, & delivery","institutional venture partners",1
"Fintech","intact ventures",1
"Artificial intelligence","intel capital",2
"Data management & analytics","intel capital",1
"Mobile & telecommunications","intel capital",1
"Fintech","international finance corporation",1
"Supply chain, logistics, & delivery","international finance corporation",1
"Supply chain, logistics, & delivery","investcorp",1
"Other","investment corporation of dubai",1
"Other","invus group",1
"Internet software & services","ion crossover partners",1
"Fintech","iq capital",1
"Cybersecurity","ireland strategic investment fund",1
"Fintech","iris capital",1
"Hardware","iris capital",1
"Fintech","israel growth partners",1
"Hardware","itech capital",1
"Supply chain, logistics, & delivery","ivision ventures",1
"Health","ivy capital",1
"Internet software & services","jackson square ventures",3
"Health","jackson square ventures",1
"Other","jafco",1
"Fintech","jafco co",1
"Mobile & telecommunications","japan post capital",1
"Edtech","javelin venture partners",1
"Fintech","javelin venture partners",1
"Internet software & services","javelin venture partners",1
"Artificial intelligence","jbv capital",1
"Supply chain, logistics, & delivery","jd capital management",1
"Mobile & telecommunications","jd digits",1
"Internet software & services","jd.com",1
"Fintech","jerusalem venture partners",1
"Auto & transportation","jiangsu sha steel group",1
"Hardware","jiangsu sha steel group",1
"Fintech","jinhui xingye",1
"Internet software & services","jmi equity",1
"Health","johnson & johnson innovation",1
"Health","jove equity partners",1
"E-commerce & direct-to-consumer","joy capital",1
"Travel","joy capital",1
"Fintech","jtc group",1
"Fintech","jump capital",4
"Edtech","jump capital",1
"E-commerce & direct-to-consumer","jungle ventures",1
"Supply chain, logistics, & delivery","just eat",1
"Other","k2 global",1
"E-commerce & direct-to-consumer","k2 ventures",2
"E-commerce & direct-to-consumer","k2vc",1
"Supply chain, logistics, & delivery","k2vc",1
"Internet software & services","k9 ventures",1
"Internet software & services","kaalari capital",1
"Internet software & services","kae capital",1
"Fintech","kalaari capital",1
"Health","kalaari capital",1
"Supply chain, logistics, & delivery","kalaari capital",1
"E-commerce & direct-to-consumer","kaszek ventures",2
"Fintech","kaszek ventures",2
"Artificial Intelligence","kaszek ventures",1
"Other","kck group",1
"Fintech","kenetic capital",1
"Health","kerala ventures",1
"Fintech","khosla ventures",3
"Health","khosla ventures",3
"Internet software & services","khosla ventures",3
"Artificial intelligence","khosla ventures",2
"Consumer & retail","khosla ventures",2
"Data management & analytics","khosla ventures",1
"E-commerce & direct-to-consumer","khosla ventures",1
"Hardware","khosla ventures",1
"Supply chain, logistics, & delivery","khosla ventures",1
"Data management & analytics","kibo ventures",1
"Internet software & services","kibo ventures",1
"Fintech","kima ventures",1
"E-commerce & direct-to-consumer","kinnevik",1
"Fintech","kinnevik",1
"Travel","kinnevik",1
"Fintech","kite ventures",1
"Internet software & services","kkr",2
"Other","kkr",2
"Artificial intelligence","kkr",1
"Cybersecurity","kkr",1
"E-commerce & direct-to-consumer","kkr",1
"Fintech","kkr",1
"Supply chain, logistics, & delivery","kkr",1
"Internet software & services","kleiner perkins caufield & byers",8
"Fintech","kleiner perkins caufield & byers",3
"Health","kleiner perkins caufield & byers",2
"Mobile & telecommunications","kleiner perkins caufield & byers",2
"Artificial intelligence","kleiner perkins caufield & byers",1
"Data management & analytics","kleiner perkins caufield & byers",1
"Supply chain, logistics, & delivery","kleiner perkins caufield & byers",1
"Other","kleiner perkins caulfield & byers",1
"Internet software & services","knox lane",1
"Cybersecurity","koch disruptive technologies",1
"Fintech","koch disruptive technologies",1
"Health","koch disruptive technologies",1
"Hardware","korelya capital",1
"Fintech","kraken ventures",1
"Supply chain, logistics, & delivery","krungsri finnovate",1
"Artificial intelligence","ktb ventures",1
"Consumer & retail","l capital partners",1
"E-commerce & direct-to-consumer","l catterton",2
"E-commerce & direct-to-consumer","l'occitane",1
"Fintech","lakestar",1
"Internet software & services","lakestar",1
"Supply chain, logistics, & delivery","lakestar",1
"Travel","lakestar",1
"Supply chain, logistics, & delivery","launchpad venture group",1
"Internet software & services","lead edge capital",1
"Cybersecurity","leaders fund",1
"Fintech","leapfrog investments",1
"Fintech","left lane capital",4
"Edtech","left lane capital",1
"Auto & transportation","legend capital",1
"E-commerce & direct-to-consumer","legend capital",1
"Mobile & telecommunications","legend capital",1
"Edtech","legend star",1
"Internet software & services","lemniscap vc",1
"Artificial intelligence","lenovo capital and incubator",1
"Other","leonardo dicaprio",1
"Fintech","lerer hippeau",2
"Artificial intelligence","lerer hippeau",1
"Hardware","lerer hippeau",1
"Health","lgt capital partners",1
"Fintech","liberty city ventures",1
"Cybersecurity","liberty global ventures",1
"Internet software & services","liberty gloval ventures",1
"Cybersecurity","liberty strategic capital",1
"Fintech","light street capital",1
"Health","lightbank",1
"E-commerce & direct-to-consumer","lightbox ventures",1
"Supply chain, logistics, & delivery","lightrock",1
"Artificial intelligence","lightspeed china partners",1
"Internet software & services","lightspeed india partners",2
"Edtech","lightspeed india partners",1
"Travel","lightspeed india partners",1
"Edtech","lightspeed venture capital",1
"Internet software & services","lightspeed venture partners",9
"Cybersecurity","lightspeed venture partners",6
"Data management & analytics","lightspeed venture partners",5
"Fintech","lightspeed venture partners",3
"Artificial intelligence","lightspeed venture partners",2
"Health","lightspeed venture partners",2
"Consumer & retail","lightspeed venture partners",1
"E-commerce & direct-to-consumer","lightspeed venture partners",1
"Mobile & telecommunications","lightspeed venture partners",1
"Supply chain, logistics, & delivery","lightspeed venture partners",1
"Travel","lightspeed venture partners",1
"Health","lindeman asia investment",1
"Internet software & services","linear venture",2
"Artificial intelligence","linear venture",1
"Auto & transportation","linear venture",1
"Hardware","linear venture",1
"Fintech","localglobe",1
"Travel","localglobe",1
"Other","lockheed martin ventures",1
"E-commerce & direct-to-consumer","loeb.nyc",1
"E-commerce & direct-to-consumer","lone pine capital",1
"Consumer & retail","longfor capitalm",1
"Health","longitude capital",1
"Cybersecurity","lowercase capital",1
"Internet software & services","lowercase capital",1
"Fintech","lowercasecapital",1
"Auto & transportation","ltw capital",1
"Internet software & services","lupa systems",1
"Data management & analytics","lux capital",2
"Fintech","lux capital",1
"Internet software & services","m12",3
"Cybersecurity","m12",2
"Hardware","m12",1
"Health","m12",1
"E-commerce & direct-to-consumer","m13",1
"Fintech","mac venture capital",1
"Artificial intelligence","madera technology partners",1
"Internet software & services","madrona venture group",3
"Artificial intelligence","madrona venture group",1
"Data management & analytics","madrona venture group",1
"Supply chain, logistics, & delivery","madrona venture group",1
"Internet software & services","madrone capital partners",1
"Supply chain, logistics, & delivery","maersk growth",1
"Mobile & telecommunications","magma venture partners",1
"Mobile & telecommunications","makers fund",1
"Fintech","mangrove capital partners",1
"Health","mangrove capital partners",1
"Artificial intelligence","maniv mobility",1
"Artificial intelligence","march capital partners",3
"E-commerce & direct-to-consumer","marchmont ventures",1
"Fintech","marcy venture partners",1
"E-commerce & direct-to-consumer","matrix partners",7
"Internet software & services","matrix partners",4
"Data management & analytics","matrix partners",2
"Auto & transportation","matrix partners",1
"Consumer & retail","matrix partners",1
"Edtech","matrix partners",1
"Fintech","matrix partners",1
"Hardware","matrix partners",1
"Other","matrix partners",1
"Supply chain, logistics, & delivery","matrix partners",1
"Travel","matrix partners",1
"Internet software & services","maverick capital",1
"Health","maverick ventures",1
"Edtech","maveron",1
"Health","maveron",1
"Health","max ventures",1
"Other","mayfair equity partners",1
"Internet software & services","mayfield",1
"E-commerce & direct-to-consumer","mayfield fund",2
"Internet software & services","mayfield fund",2
"Health","mckesson ventures",1
"Consumer & retail","meituan dianping",1
"Hardware","meituan dianping",1
"Fintech","menlo ventures",6
"Cybersecurity","menlo ventures",1
"Internet software & services","menlo ventures",1
"Internet software & services","menloventures",1
"Health","merieux equity partners",1
"Internet software & services","meritech capital partners",2
"Fintech","meritech capital partners",1
"E-commerce & direct-to-consumer","merrysunny wealth",1
"E-commerce & direct-to-consumer","mhs capital",1
"Fintech","microsoft",1
"Supply chain, logistics, & delivery","microsoft scaleup",1
"Supply chain, logistics, & delivery","mindworks ventures",1
"E-commerce & direct-to-consumer","mithril",1
"Fintech","mithril capital management",1
"Other","mitsubishi corporation",1
"Artificial intelligence","mizuho financial group",1
"Supply chain, logistics, & delivery","mmc ventures",1
"Fintech","mobai capital",1
"Fintech","monashees+",3
"E-commerce & direct-to-consumer","monashees+",2
"Cybersecurity","moonshots capital",1
"Artificial intelligence","moore capital management",1
"E-commerce & direct-to-consumer","moore strategic ventures",1
"Cybersecurity","morevc",1
"Fintech","morgan creek digital",1
"Health","morningside group",1
"Mobile & telecommunications","morningside venture capital",2
"Artificial intelligence","morningside venture capital",1
"E-commerce & direct-to-consumer","morningside ventures",1
"Travel","morningside ventures",1
"Fintech","motive partners. apollo global management",1
"E-commerce & direct-to-consumer","mountain nazca",1
"Supply chain, logistics, & delivery","movile",1
"Internet software & services","msa capital",1
"E-commerce & direct-to-consumer","mubadala capital",1
"Supply chain, logistics, & delivery","mubadala capital",1
"Data management & analytics","multicoin capital",1
"Fintech","munich re ventures",3
"Artificial intelligence","munich re ventures",1
"Mobile & telecommunications","n5 capital",1
"Supply chain, logistics, & delivery","naspers",1
"Artificial Intelligence","national grid partners",1
"Internet software & services","navitas capital",1
"Mobile & telecommunications","net1 ueps technologies",1
"Fintech","netease capital",1
"Health","new enterprise associates",4
"Internet software & services","new enterprise associates",4
"Artificial intelligence","new enterprise associates",3
"Fintech","new enterprise associates",3
"Data management & analytics","new enterprise associates",2
"E-commerce & direct-to-consumer","new enterprise associates",2
"Cybersecurity","new enterprise associates",1
"Edtech","new enterprise associates",1
"Mobile & telecommunications","new enterprise associates",1
"Other","new enterprise associates",1
"Travel","new enterprise associates",1
"Internet software & services","new era ventures",1
"E-commerce & direct-to-consumer","new horizon capital",1
"Health","new leaf venture partners",1
"Fintech","newalpha",1
"Fintech","newion partners",1
"Health","newpath partners",1
"Edtech","newview capital",1
"E-commerce & direct-to-consumer","next coast ventures",1
"Fintech","next play ventures",1
"Artificial intelligence","next world capital",1
"Internet software & services","next world capital",1
"Cybersecurity","next47",1
"Fintech","next47",1
"Supply chain, logistics, & delivery","next47",1
"Health","nextech invest",1
"E-commerce & direct-to-consumer","nextview ventures",2
"Mobile & telecommunications","nextview ventures",1
"Internet software & services","nexus venture partners",2
"Data management & analytics","nexus venture partners",2
"Artificial intelligence","nexus venture partners",1
"Edtech","nexus venture partners",1
"E-commerce & direct-to-consumer","nexus venture partners",1
"Supply chain, logistics, & delivery","nexus venture partners",1
"Supply chain, logistics, & delivery","ngp capital",1
"Health","nichi-iko pharmaceutical",1
"Fintech","nightdragon security",1
"Artificial Intelligence","nine intelligence capital",1
"Mobile & telecommunications","nintendo",1
"E-commerce & direct-to-consumer","nio capital",1
"Health","nio capital",1
"Artificial Intelligence","njf capital",1
"500 Global, Rakuten Ventures, Golden Gate Ventures","none",1
"Andreessen Horowitz, DST Global, IDG Capital","none",1
"B Capital Group, Monk's Hill Ventures, Dynamic Parcel Distribution","none",1
"Hopu Investment Management, Boyu Capital, DC Thomson Ventures","none",1
"Jungle Ventures, Accel, Venture Highway","none",1
"Kuang-Chi","none",1
"Mobile & telecommunications","none",1
"Mundi Ventures, Doqling Capital Partners, Activant Capital","none",1
"Sequoia Capital China, ING, Alibaba Entrepreneurs Fund","none",1
"Sequoia Capital China, Shunwei Capital Partners, Qualgro","none",1
"Sequoia Capital, Thoma Bravo, Softbank","none",1
"SingTel Innov8, Alpha JWC Ventures, Golden Gate Ventures","none",1
"Temasek, Guggenheim Investments, Qatar Investment Authority","none",1
"Tiger Global Management, Tiger Brokers, DCM Ventures","none",1
"Vertex Ventures SE Asia, Global Founders Capital, Visa Ventures","none",1
"Vision Plus Capital, GSR Ventures, ZhenFund","none",1
"Cybersecurity","nor-cal invest",1
"Supply chain, logistics, & delivery","nordstar",1
"Internet software & services","norma investments",1
"Internet software & services","north bridge growth equity",1
"Internet software & services","north island ventures",1
"Artificial intelligence","northern light venture capital",1
"Fintech","northern light venture capital",1
"Mobile & telecommunications","northern light venture capital",1
"Fintech","northzone ventures",2
"Health","northzone ventures",1
"Supply chain, logistics, & delivery","northzone ventures",1
"Travel","northzone ventures",1
"Internet software & services","nortzone ventures",1
"Internet software & services","norwest venture partners",3
"Supply chain, logistics, & delivery","norwest venture partners",3
"Artificial intelligence","norwest venture partners",2
"Data management & analytics","norwest venture partners",2
"E-commerce & direct-to-consumer","norwest venture partners",2
"Consumer & retail","norwest venture partners",1
"Cybersecurity","norwest venture partners",1
"Fintech","norwest venture partners",1
"Other","norwest venture partners",1
"Internet software & services","noshaq",1
"Health","not boring capital",1
"Fintech","notion capital",1
"E-commerce & direct-to-consumer","novator partners",1
"Travel","novator partners",1
"E-commerce & direct-to-consumer","nxc",1
"Internet software & services","nyca partners",1
"Fintech","oak hc/ft partners",2
"Health","oak hc/ft partners",1
"Fintech","oak investment partners",1
"Hardware","obvious ventures",1
"Health","obvious ventures",1
"Edtech","oceanwide holdings",1
"Fintech","octopus ventures",1
"Other","olx group",1
"Internet software & services","omers private equity",1
"Fintech","omers ventures",3
"Travel","omers ventures",1
"Edtech","omidyar network",1
"Internet software & services","omidyar network",1
"E-commerce & direct-to-consumer","ondine capital",1
"Mobile & telecommunications","one equity partners",1
"Consumer & retail","one luxury group",1
"Data management & analytics","one peak partners",1
"Internet software & services","openview venture partners",2
"Fintech","operator collective",1
"Health","optum ventures",1
"Data management & analytics","opus capital",1
"Internet software & services","orange digital ventures",1
"Health","orbimed advisors",2
"Fintech","oriental fortune capital",1
"Internet software & services","origin ventures",1
"Supply chain, logistics, & delivery","origin ventures",1
"Artificial intelligence","oriza holdings",1
"Artificial intelligence","oryzn capital",1
"Auto & transportation","otter rock capital",1
"Edtech","owl ventures",1
"Internet software & services","owl ventures",1
"Cybersecurity","paladin capital group",1
"Fintech","pantera capital",2
"Cybersecurity","pantera capital",1
"Internet software & services","pantera capital",1
"Cybersecurity","paradigm",1
"Fintech","paradigm",1
"E-commerce & direct-to-consumer","partech partners",1
"Supply chain, logistics, & delivery","partech partners",1
"Travel","partners investment",1
"Fintech","passion capital",2
"E-commerce & direct-to-consumer","passport capital",1
"Fintech","paypal ventures",3
"Mobile & telecommunications","pear",1
"Fintech","pelion venture partners",2
"Cybersecurity","pelion venture partners",1
"Auto & transportation","people electrical appliance group china",1
"Supply chain, logistics, & delivery","pereg ventures",1
"Data management & analytics","perpetual investors",1
"Fintech","peterson ventures",1
"Internet software & services","picus capital",1
"Internet software & services","ping an insurance",1
"Artificial intelligence","pitango venture capital",1
"Auto & transportation","pitango venture capital",1
"Hardware","pitango venture capital",1
"Internet software & services","pitango venture capital",1
"Mobile & telecommunications","pitango venture capital",1
"E-commerce & direct-to-consumer","piton capital",1
"Hardware","playground global",2
"Other","playground global",1
"Edtech","plug and play ventures",1
"Fintech","plug and play ventures",1
"Fintech","point nine capital",1
"Fintech","point72 ventures",2
"Artificial intelligence","point72 ventures",1
"Mobile & telecommunications","pokemon company international",1
"Fintech","polaris partners",1
"Internet software & services","polaris partners",1
"Fintech","polychain capital",2
"Internet software & services","polychain capital",2
"Fintech","portag3 ventures",1
"E-commerce & direct-to-consumer","premjiinvest",1
"Internet software & services","presidio ventures",1
"Internet software & services","pritzker group venture capital",2
"Other","promecap",1
"Supply chain, logistics, & delivery","prometheus capital",1
"E-commerce & direct-to-consumer","promus ventures",1
"Fintech","propel venture partners",1
"E-commerce & direct-to-consumer","prosus ventures",2
"Internet software & services","prosus ventures",2
"Supply chain, logistics, & delivery","prosus ventures",1
"Internet software & services","providence equity partners",2
"Health","providence ventures",1
"E-commerce & direct-to-consumer","prysm capital",1
"Internet software & services","psg",2
"Fintech","puc",1
"Fintech","qatar investment authority",1
"Fintech","qed investors",5
"Artificial intelligence","qed investors",1
"E-commerce & direct-to-consumer","qed investors",1
"Internet software & services","qed investors",1
"Auto & transportation","qihoo 360 technology",1
"Artificial Intelligence","qiming venture partners",3
"Auto & transportation","qiming venture partners",2
"Edtech","qiming venture partners",2
"Health","qiming venture partners",2
"Mobile & telecommunications","qiming venture partners",2
"E-commerce & direct-to-consumer","qiming venture partners",1
"Hardware","qiming venture partners",1
"Travel","qiming venture partners",1
"Travel","qiming venture partnersl",1
"Supply chain, logistics, & delivery","quadrille capital",1
"Artificial intelligence","qualcomm ventures",2
"Fintech","qualcomm ventures",2
"Auto & transportation","qualcomm ventures",1
"E-commerce & direct-to-consumer","qualcomm ventures",1
"Edtech","qualcomm ventures",1
"Hardware","qualcomm ventures",1
"Health","qualcomm ventures",1
"Internet software & services","qualcomm ventures",1
"Mobile & telecommunications","qualcomm ventures",1
"Supply chain, logistics, & delivery","qualcomm ventures",1
"Internet software & services","quantum energy partners",1
"Health","questa capital",1
"Fintech","quiet capital",1
"Mobile & telecommunications","qumra capital",1
"Fintech","quona capital",1
"Hardware","r-z capital",1
"Auto & transportation","rakuten",1
"Other","raven one ventures",1
"Consumer & retail","redalpine venture partners",1
"Fintech","redalpine venture partners",1
"Other","redbird capital partners",1
"E-commerce & direct-to-consumer","redpoint e.ventures",1
"Supply chain, logistics, & delivery","redpoint e.ventures",1
"Internet software & services","redpoint ventures",4
"Cybersecurity","redpoint ventures",2
"Mobile & telecommunications","redpoint ventures",2
"Data management & analytics","redpoint ventures",1
"E-commerce & direct-to-consumer","redpoint ventures",1
"Health","redpoint ventures",1
"Fintech","redpoint ventures china",1
"Hardware","redpoint ventures china",1
"Mobile & telecommunications","refactor capital",1
"Other","refactor capital",1
"Fintech","relay ventures",1
"Internet software & services","rembrandt venture partners",2
"Fintech","resolute ventures",1
"Health","rethink impact",1
"E-commerce & direct-to-consumer","revo capital",1
"Artificial intelligence","revolution",1
"Mobile & telecommunications","revolution growth",1
"Other","revolution growth",1
"Artificial intelligence","revolution ventures",1
"E-commerce & direct-to-consumer","rho ventures",1
"Other","rhone capital",1
"Fintech","ribbit capital",8
"E-commerce & direct-to-consumer","rich land capital",1
"E-commerce & direct-to-consumer","richland equities",1
"Edtech","ridge ventures",1
"Auto & transportation","riverpark ventures",1
"Other","riverpark ventures",1
"Internet software & services","riverwood capital",1
"Supply chain, logistics, & delivery","robert bosch venture capital",1
"Internet software & services","rocketship.vc",1
"Other","rothenberg ventures",1
"Fintech","route 66 ventures",1
"Fintech","rpm ventures",1
"Artificial intelligence","rre ventures",1
"Health","rre ventures",1
"Internet software & services","rre ventures+",1
"Internet software & services","rtp global",1
"Fintech","runa capital",1
"Other","rusnano",1
"Artificial intelligence","russia-china investment fund",1
"Cybersecurity","s capital",1
"Cybersecurity","s28 capital",1
"Supply chain, logistics, & delivery","saif partners",1
"E-commerce & direct-to-consumer","saif partners china",1
"Hardware","saif partners china",1
"E-commerce & direct-to-consumer","saif partners india",1
"Supply chain, logistics, & delivery","saif partners india",1
"Internet software & services","salesforce ventures",3
"Data management & analytics","salesforce ventures",2
"Fintech","salesforce ventures",1
"Supply chain, logistics, & delivery","salesforce ventures",1
"Health","samsung ventures",1
"Other","samsung ventures",1
"Health","sands capital",1
"Mobile & telecommunications","sands capital",1
"Supply chain, logistics, & delivery","sands capital",1
"Cybersecurity","sap.io fund",1
"Data management & analytics","sapphire ventures",2
"Artificial intelligence","sapphire ventures",1
"Internet software & services","sapphire ventures",1
"Fintech","sbi investment",2
"Travel","sbi investment korea",1
"Health","sc.holdings",1
"Cybersecurity","scale venture partners",3
"Data management & analytics","scale venture partners",1
"Hardware","scale venture partners",1
"Supply chain, logistics, & delivery","scale venture partners",1
"Supply chain, logistics, & delivery","scb 10x",1
"Fintech","scentan ventures",1
"Fintech","schonfeld strategic advisors",1
"Fintech","scifi vc",1
"Auto & transportation","sdic cmc investment management",1
"Supply chain, logistics, & delivery","sdic cmc investment management",1
"Auto & transportation","sdic innovation investment management",1
"Hardware","sdp investment",1
"Auto & transportation","seaya ventures",1
"Fintech","seb venture capital",1
"Internet software & services","section 32",1
"Fintech","seed capital",1
"Fintech","seedcamp",1
"Internet software & services","seek",1
"Supply chain, logistics, & delivery","septwolves ventures",1
"Internet software & services","sequoia capital",18
"E-commerce & direct-to-consumer","sequoia capital",16
"Fintech","sequoia capital",13
"Artificial intelligence","sequoia capital",10
"Edtech","sequoia capital",7
"Hardware","sequoia capital",6
"Health","sequoia capital",6
"Data management & analytics","sequoia capital",5
"Supply chain, logistics, & delivery","sequoia capital",5
"Cybersecurity","sequoia capital",4
"Other","sequoia capital",4
"Consumer & retail","sequoia capital",3
"Mobile & telecommunications","sequoia capital",3
"Travel","sequoia capital",2
"Auto & transportation","sequoia capital",1
"Supply chain, logistics, & delivery","sf holding co",1
"Auto & transportation","shang qi capital",1
"Auto & transportation","shanghai electric group",1
"Auto & transportation","shanghai puyin industry",1
"E-commerce & direct-to-consumer","shasta ventures",1
"Internet software & services","shasta ventures",1
"Artificial intelligence","shea ventures",1
"Fintech","shea ventures",1
"E-commerce & direct-to-consumer","shenzhen capital group",1
"Fintech","shenzhen capital group",1
"Supply chain, logistics, & delivery","shenzhen capital group",1
"Edtech","shenzhen qianhe capital management co.",1
"Mobile & telecommunications","sherpalo ventures",1
"Auto & transportation","shunwei capital partners",1
"E-commerce & direct-to-consumer","shunwei capital partners",1
"Fintech","shunwei capital partners",1
"Mobile & telecommunications","shunwei capital partners",1
"Supply chain, logistics, & delivery","shunwei capital partners",1
"E-commerce & direct-to-consumer","siam commercial bank",1
"E-commerce & direct-to-consumer","sierra ventures",1
"Health","sierra ventures",1
"Internet software & services","sierra ventures",1
"Mobile & telecommunications","sierra ventures",1
"Consumer & retail","sig",2
"Artificial intelligence","sig",1
"Auto & transportation","sig",1
"Edtech","sig",1
"Health","sig",1
"Internet software & services","sig",1
"Supply chain, logistics, & delivery","sig",1
"Internet software & services","silicon valley bank",1
"Internet software & services","silver lake",2
"Health","silver lake",1
"Other","silver lake partners",1
"Edtech","silverlink capital",1
"Internet software & services","silversmith capital partners",4
"Data management & analytics","silversmith capital partners",1
"E-commerce & direct-to-consumer","silverton partners",1
"Internet software & services","simon equity partners",1
"Artificial intelligence","sina weibo",1
"Mobile & telecommunications","sina weibo",1
"Cybersecurity","singtel innov8",1
"Other","singulariteam",1
"Artificial intelligence","sinovation ventures",1
"Edtech","sinovation ventures",1
"Artificial intelligence","sixth street growth",1
"Health","sixth street partners",1
"Other","sk ventures",1
"Cybersecurity","skip capital",1
"Cybersecurity","slack fund",1
"Cybersecurity","slow ventures",1
"Fintech","slow ventures",1
"Fintech","smartfin capital",1
"Other","smash ventures",1
"Artificial intelligence","smilegate investment",1
"Artificial intelligence","social capital",1
"Cybersecurity","social capital",1
"Mobile & telecommunications","social capital",1
"Fintech","socii capital",1
"Fintech","sodexo ventures",1
"Internet software & services","sofinnova partners",1
"E-commerce & direct-to-consumer","softbank",15
"Fintech","softbank",10
"Supply chain, logistics, & delivery","softbank",5
"Internet software & services","softbank",4
"Artificial intelligence","softbank",3
"Auto & transportation","softbank",2
"Cybersecurity","softbank",2
"Consumer & retail","softbank",1
"Data management & analytics","softbank",1
"Edtech","softbank",1
"Health","softbank",1
"Mobile & telecommunications","softbank",1
"Other","softbank",1
"Travel","softbank",1
"E-commerce & direct-to-consumer","sogal ventures",1
"Fintech","soros fund management",2
"Artificial Intelligence","sosv",1
"Hardware","sosv",1
"Health","sound ventures",3
"E-commerce & direct-to-consumer","sound ventures",1
"Consumer & retail","sound ventures",1
"Supply chain, logistics, & delivery","source code capital",2
"Consumer & retail","source code capital",1
"Edtech","source code capital",1
"Fintech","source code capital",1
"Other","sozo ventures",1
"Fintech","spar capital",1
"Fintech","spark capital",2
"Artificial intelligence","spark capital",1
"Cybersecurity","spark capital",1
"Internet software & services","spark capital",1
"Mobile & telecommunications","spark capital",1
"Travel","spark capital",1
"Internet software & services","spectrum equity",2
"E-commerce & direct-to-consumer","speedinvest",1
"Fintech","speedinvest",1
"Internet software & services","spotify",1
"Internet software & services","square peg capital",1
"E-commerce & direct-to-consumer","standard chartered",1
"Internet software & services","standard crypto",1
"Health","starr investment holdings",1
"Internet software & services","steadview capital",1
"E-commerce & direct-to-consumer","stellaris venture partners",1
"Supply chain, logistics, & delivery","sto express",1
"Internet software & services","storm ventures",4
"Health","straumann",1
"Internet software & services","streamlined ventures",1
"Fintech","stripe",1
"Fintech","stripes group",1
"Internet software & services","stripes group",1
"Internet software & services","strive",1
"Internet software & services","struck capital",1
"Fintech","summer capital",1
"Fintech","summerhill venture partners",1
"Internet software & services","summit partners",3
"Health","summit partners",1
"Supply chain, logistics, & delivery","summit partners",1
"E-commerce & direct-to-consumer","sunley house capital management",1
"Travel","sunstone capital",1
"Supply chain, logistics, & delivery","susa ventures",1
"Internet software & services","susquehanna growth equity",2
"Fintech","susquehanna growth equity",1
"Cybersecurity","sutter hill ventures",1
"Other","sutter hill ventures",1
"Internet software & services","sv angel",1
"Other","swan & legend ventures",1
"Fintech","sway ventures",1
"Health","t. rowe associates",1
"Internet software & services","t. rowe price",2
"Fintech","t. rowe price",1
"Health","t. rowe price",1
"Other","t. rowe price",1
"Data management & analytics","ta associates",1
"Fintech","ta associates",1
"Edtech","tal education group",1
"Consumer & retail","tao capital partners",1
"Internet software & services","tao capital partners",1
"Other","tao capital partners",1
"Fintech","target global",2
"Supply chain, logistics, & delivery","target global",1
"Artificial intelligence","tdk ventures",1
"E-commerce & direct-to-consumer","tdm growth partners",1
"Internet software & services","tdm growth partners",1
"Internet software & services","tdr capital",1
"Cybersecurity","team8",1
"Fintech","teamworthy ventures",1
"Internet software & services","technology crossover ventures",5
"Fintech","technology crossover ventures",2
"Data management & analytics","technology crossover ventures",1
"E-commerce & direct-to-consumer","technology crossover ventures",1
"Supply chain, logistics, & delivery","technology crossover ventures",1
"Hardware","telling telecommunication holding co.",1
"Fintech","temasek",2
"Other","temasek",2
"Artificial intelligence","temasek",1
"Auto & transportation","temasek",1
"Consumer & retail","temasek",1
"Supply chain, logistics, & delivery","temasek",1
"Consumer & retail","temasek holdings",1
"E-commerce & direct-to-consumer","temasek holdings",1
"Edtech","temasek holdings",1
"Other","temasek holdings",1
"Cybersecurity","temasek holdings ltd.",1
"Cybersecurity","ten eleven ventures",1
"Cybersecurity","tenaya capital",1
"Data management & analytics","tenaya capital",1
"Fintech","tenaya capital",1
"E-commerce & direct-to-consumer","tencent",3
"Artificial intelligence","tencent",1
"Auto & transportation","tencent",1
"Health","tencent",1
"Other","tencent",1
"Edtech","tencent holdings",4
"Internet software & services","tencent holdings",4
"Artificial intelligence","tencent holdings",3
"E-commerce & direct-to-consumer","tencent holdings",3
"Fintech","tencent holdings",3
"Other","tencent holdings",3
"Consumer & retail","tencent holdings",2
"Hardware","tencent holdings",2
"Auto & transportation","tencent holdings",1
"Health","tencent holdings",1
"Other","tencent investment",1
"Fintech","tengelmann ventures",1
"Health","the blue venture fund",1
"E-commerce & direct-to-consumer","the carlyle group",1
"Fintech","the carlyle group",1
"Internet software & services","the carlyle group",1
"Other","the carlyle group",1
"Travel","the raine group",1
"Fintech","the rise fund",1
"Fintech","the times group",1
"Other","the venture collective",1
"Fintech","third point",1
"E-commerce & direct-to-consumer","thirty five ventures",1
"Cybersecurity","thoma bravo",1
"Fintech","thoma bravo",1
"Internet software & services","threshold ventures",3
"E-commerce & direct-to-consumer","thrity five ventures",1
"Health","thrive capital",5
"Internet software & services","thrive capital",5
"Consumer & retail","thrive capital",2
"E-commerce & direct-to-consumer","thrive capital",1
"Fintech","thrive capital",1
"Health","ti platform management",1
"Consumer & retail","tiantu capital",1
"Cybersecurity","tiantu capital co.",1
"Artificial intelligence","tiger global",1
"E-commerce & direct-to-consumer","tiger global",1
"Internet software & services","tiger global management",14
"Fintech","tiger global management",13
"E-commerce & direct-to-consumer","tiger global management",6
"Artificial intelligence","tiger global management",3
"Consumer & retail","tiger global management",3
"Edtech","tiger global management",2
"Hardware","tiger global management",2
"Mobile & telecommunications","tiger global management",2
"Auto & transportation","tiger global management",1
"Cybersecurity","tiger global management",1
"Health","tiger global management",1
"Other","tiger global management",1
"Supply chain, logistics, & delivery","tiger global management",1
"Supply chain, logistics, & delivery","times internet",1
"Cybersecurity","tlv partners",1
"Data management & analytics","tlv partners",1
"Fintech","tlv partners",1
"Auto & transportation","tmt investments",1
"Fintech","tokopedia",1
"Fintech","tokyo century corporation",1
"Artificial intelligence","tomales bay capital",1
"Artificial intelligence","toposcend capital",1
"Fintech","toscafund asset management",1
"Other","towerbrook capital partners",1
"Artificial intelligence","toyota motor corporation",1
"Cybersecurity","tpg alternative & renewable technologies",1
"Data management & analytics","tpg capital",1
"Consumer & retail","tpg growth",1
"Cybersecurity","tpg growth",1
"Hardware","tpg growth",1
"Fintech","trammell ventures",1
"Other","trane technologies",1
"Artificial intelligence","transamerica ventures",1
"Health","transformation capital",1
"Internet software & services","triangle peak partners",1
"Fintech","tribe capital",1
"Other","tribe capital",1
"E-commerce & direct-to-consumer","trifecta capital",2
"Supply chain, logistics, & delivery","trifecta capital advisors",1
"Internet software & services","trinity ventures",3
"Internet software & services","triplepoint capital",1
"Other","triplepoint capital",1
"Fintech","tru arrow partners",1
"E-commerce & direct-to-consumer","true",1
"Internet software & services","true ventures",2
"Edtech","trustbridge partners",1
"Supply chain, logistics, & delivery","trustbridge partners",1
"Consumer & retail","tsg consumer partners",1
"Fintech","ttv capital",2
"Auto & transportation","tus holdings",1
"Fintech","tvs capital",1
"Cybersecurity","two sigma ventures",2
"Internet software & services","two sigma ventures",2
"E-commerce & direct-to-consumer","two sigma ventures",1
"Health","u.s. venture partners",1
"E-commerce & direct-to-consumer","u.s.-china green fund",1
"Fintech","ubs",1
"Supply chain, logistics, & delivery","ubs asset management",1
"Fintech","uncork capital",2
"Internet software & services","uncork capital",1
"Supply chain, logistics, & delivery","uncork capital",1
"Fintech","undisclosed",1
"Hardware","unicom innovation venture capital",1
"Edtech","uniion square ventures",1
"Supply chain, logistics, & delivery","unilever ventures",1
"Fintech","union square ventures",4
"Artificial intelligence","union square ventures",1
"Edtech","union square ventures",1
"E-commerce & direct-to-consumer","uniqa ventures",1
"Fintech","uniqa ventures",1
"Artificial Intelligence","unity ventures",1
"Auto & transportation","unternehmertum venture capital",1
"Other","upfront ventures",2
"E-commerce & direct-to-consumer","upfront ventures",1
"Hardware","upfront ventures",1
"Other","upper90",1
"Health","us venture partners",1
"Hardware","v fund",1
"Hardware","v star capital",1
"Fintech","valar ventures",5
"E-commerce & direct-to-consumer","valar ventures",1
"E-commerce & direct-to-consumer","valiant capital partners",1
"E-commerce & direct-to-consumer","valor capital group",1
"Fintech","valor capital group",1
"Supply chain, logistics, & delivery","valor capital group",1
"Other","valor equity partners",1
"Other","vast ventures",1
"Other","vattenfall",1
"Artificial intelligence","vcanbio",1
"Cybersecurity","vebventures",1
"Health","venrock",4
"Artificial intelligence","venrock",3
"Fintech","venrock",2
"Fintech","ventura capital",1
"Internet software & services","venture highway",1
"Fintech","venture51",1
"Cybersecurity","venturelink",1
"Data management & analytics","verizon ventures",1
"Artificial intelligence","version one ventures",1
"Supply chain, logistics, & delivery","version one ventures",1
"Artificial intelligence","vertex ventures",1
"Data management & analytics","vertex ventures",1
"Internet software & services","vertex ventures",1
"Hardware","vertex ventures china",1
"Cybersecurity","vertex ventures israel",1
"E-commerce & direct-to-consumer","vertex ventures se asia",1
"Internet software & services","vgames",1
"Health","vickers venture partners",1
"E-commerce & direct-to-consumer","victory park capital",1
"Cybersecurity","viking global investors",1
"Health","viking global investors",1
"Cybersecurity","vintage investment partners",1
"Internet software & services","vintage investment partners",1
"Artificial intelligence","viola ventures",1
"Data management & analytics","viola ventures",1
"Consumer & retail","vision knight capital",1
"Internet software & services","vision plus capital",1
"Internet software & services","vista equity partners",1
"Supply chain, logistics, & delivery","vista equity partners",1
"Health","vitruvian partners",1
"Hardware","volcanics ventures",1
"Auto & transportation","volkswagen",1
"Other","volkswagen group",1
"Auto & transportation","vostok new ventures",1
"Travel","vostok new ventures",1
"Fintech","vulcan capital",1
"E-commerce & direct-to-consumer","vy capital",1
"Fintech","vy capital",1
"Hardware","wakefield group",1
"Data management & analytics","walden international",1
"Mobile & telecommunications","walden international",1
"Artificial intelligence","walden venture capital",1
"Fintech","walden venture capital",1
"Internet software & services","wamda capital",1
"Edtech","wanxin media",1
"Edtech","warbug pincus",1
"E-commerce & direct-to-consumer","warburg pincus",3
"Fintech","warburg pincus",3
"Supply chain, logistics, & delivery","warburg pincus",2
"Cybersecurity","warburg pincus",1
"Hardware","warburg pincus",1
"Health","warburg pincus",1
"Other","warburg pincus",1
"Hardware","warmsun holding",1
"Internet software & services","wavemaker partners",1
"E-commerce & direct-to-consumer","webb investment network",1
"Fintech","wellington management",1
"Edtech","westbridge capital",1
"Health","westbridge capital",1
"Fintech","westcap group",1
"E-commerce & direct-to-consumer","western capital management",1
"Travel","white star capital",1
"Internet software & services","wincove",1
"Artificial intelligence","wing venture capital",1
"Data management & analytics","wing venture capital",1
"Fintech","wing venture capital",1
"Data management & analytics","wipro ventures",1
"E-commerce & direct-to-consumer","wonder ventures",1
"Artificial intelligence","woodford investment management",1
"Fintech","woori investment",1
"Health","work-bench",1
"Internet software & services","workday ventures",1
"Fintech","world innovation lab",1
"Fintech","world lab innovation",1
"Other","wrvi capital",1
"Fintech","xange private equity",1
"Other","xbto ventures",1
"Edtech","xiang he capital",1
"Supply chain, logistics, & delivery","xiang he capital",1
"Artificial intelligence","xiaomi",1
"Consumer & retail","xingwang investment management",1
"Mobile & telecommunications","xingwang investment management",1
"Edtech","xvc venture capital",1
"Supply chain, logistics, & delivery","xvc venture capital",1
"Internet software & services","y combinator",7
"Fintech","y combinator",4
"Mobile & telecommunications","y combinator",2
"Artificial intelligence","y combinator",1
"Cybersecurity","y combinator",1
"E-commerce & direct-to-consumer","y combinator",1
"Other","y combinator",1
"Supply chain, logistics, & delivery","y combinator",1
"Fintech","yabeo capital",1
"Auto & transportation","yaxia automobile",1
"Data management & analytics","yinxinggu capital",1
"Cybersecurity","yl ventures",1
"Health","york capital management",1
"Auto & transportation","yunfeng capital",1
"Supply chain, logistics, & delivery","yunqi partners",1
"Fintech","zeal capital partners",1
"Fintech","zeev ventures",4
"Internet software & services","zeev ventures",2
"Data management & analytics","zeev ventures",1
"Travel","zeev ventures",1
"Mobile & telecommunications","zhangjiang haocheng venture capital",1
"E-commerce & direct-to-consumer","zhenfund",2
"Artificial Intelligence","zhenfund",1
"Consumer & retail","zhenfund",1
"Internet software & services","zhenfund",1
"Mobile & telecommunications","zhenfund",1
"E-commerce & direct-to-consumer","zheshang venture capital",1
"Auto & transportation","zhongrong international trust",1
